sku,title,department,stock_available,stock_reserved,stock_allocated
4839881,Eel Fresh,Music,9952,5112,7073
4866707,Milk - Buttermilk,Baby,3611,0366,1236
6648313,"Juice - Grape, White",Tools,6088,1372,7204
0975901,Syrup - Monin - Blue Curacao,Games,5273,2632,7466
9220283,Lettuce - Belgian Endive,Industrial,7239,9553,2238
9704039,Apple - Fuji,Beauty,6474,1392,4564
4863390,Juice - Orange 1.89l,Shoes,0107,9734,3984
1949688,Island Oasis - Ice Cream Mix,Games,0668,1324,9610
4211778,Bread Base - Goodhearth,Tools,9787,0120,3189
0375757,Flour Dark Rye,Computers,8470,1841,4914
9084937,"Stock - Chicken, White",Home,6438,7107,5687
8249329,Gatorade - Xfactor Berry,Tools,6167,4375,5447
1665399,The Pop Shoppe - Lime Rickey,Tools,2819,9924,9137
1665315,Wine - Carmenere Casillero Del,Automotive,8070,3498,5243
4993683,"Pepper - White, Whole",Books,2064,5617,8879
7536252,"Chilli Paste, Hot Sambal Oelek",Tools,1471,7733,9677
7840162,Pork - Shoulder,Electronics,9700,1559,5460
1602069,Extract - Lemon,Sports,2175,6135,5921
7813964,Bread - Hamburger Buns,Baby,3102,8253,3575
2643817,Oven Mitt - 13 Inch,Toys,0395,2693,8613
0663594,"Oil - Food, Lacquer Spray",Grocery,8101,2366,1877
3085639,Appetizer - Veg Assortment,Jewelery,4954,1046,5982
5148151,Wine - Tio Pepe Sherry Fino,Kids,4695,2444,9875
6283512,Table Cloth 120 Round White,Beauty,3048,2741,9257
9586712,Wine - Taylors Reserve,Baby,2313,8482,1961
5834171,Apples - Sliced / Wedge,Computers,7364,0382,3351
2613568,Venison - Denver Leg Boneless,Health,1338,8868,3189
3632893,Toamtoes 6x7 Select,Garden,3482,2974,0301
0267926,Fondant - Icing,Shoes,2604,3135,6517
5921108,Pastry - Choclate Baked,Health,2141,4958,3606
9150850,"Pasta - Spaghetti, Dry",Industrial,6325,0117,4812
2403381,Yukon Jack,Electronics,4842,4738,0779
5682977,Hummus - Spread,Electronics,2710,2429,8597
6569602,Cup - Paper 10oz 92959,Beauty,5735,0644,0965
6994416,Baking Powder,Computers,1112,7099,1251
3028120,Pork Casing,Tools,6161,0366,0782
2692062,Wine - Stoneliegh Sauvignon,Sports,3669,8828,0288
0185013,Remy Red,Computers,7331,2744,4030
1190090,Nantucket - Pomegranate Pear,Music,0082,7697,1228
2601146,Orange - Tangerine,Grocery,2693,4569,7199
8668249,Pop - Club Soda Can,Computers,0070,9407,7801
3978736,"Trout - Rainbow, Frozen",Clothing,4134,6351,3084
9623703,Mini - Vol Au Vents,Sports,3292,8815,1403
2058162,"Tart Shells - Sweet, 4",Baby,6767,6259,1496
3872251,"Beef - Ox Tail, Frozen",Home,0814,3004,2875
1601336,Table Cloth 90x90 White,Kids,3221,9342,4556
2134541,"Wine - White, Ej",Computers,3431,6448,5962
6993772,Edible Flower - Mixed,Shoes,8866,2099,7149
3099675,Coffee - Flavoured,Clothing,1674,9276,3973
2364312,"Veal - Inside Round / Top, Lean",Tools,1065,2318,0997
7222222,Cucumber - English,Movies,7730,4442,1566
3095052,Soup - Campbells Mac N Cheese,Toys,0877,8066,0750
6045736,"Roe - Lump Fish, Black",Baby,0988,1213,1195
7009737,"Cheese - Mozzarella, Shredded",Electronics,6894,2081,3237
0757864,Cheese - Sheep Milk,Clothing,8284,9430,4026
1976674,Red Currant Jelly,Grocery,8687,0857,4786
0928439,Cloves - Whole,Baby,5131,4835,9622
8941670,Nantucket - Kiwi Berry Cktl.,Shoes,7827,2225,0399
7545408,"Soup - Campbells, Classic Chix",Outdoors,7432,8389,1184
2904690,Wine - Peller Estates Late,Outdoors,0525,3514,1794
2003466,Lamb - Shoulder,Kids,6049,5305,5862
8656170,Lid Coffee Cup 8oz Blk,Sports,8676,9252,9647
4534726,Ice Cream Bar - Hageen Daz To,Outdoors,4542,5561,1576
5334255,"Chocolate - Pistoles, White",Electronics,1378,3874,7050
5162904,Pepper - Roasted Red,Tools,9032,2690,1513
8398532,Bread - Bistro White,Beauty,5497,8181,7380
6472891,Pastry - Cherry Danish - Mini,Health,6451,1558,5018
8724070,Fennel,Outdoors,8311,5523,3891
1172026,Spice - Chili Powder Mexican,Clothing,8987,0068,7245
7065015,Flour - Cake,Tools,5845,6351,5465
3576121,Tea - Vanilla Chai,Kids,2181,1168,3635
0402310,Wine - Cousino Macul Antiguas,Outdoors,8256,4153,5401
6770168,Sprouts - Onion,Sports,0604,8406,2080
8980493,Dikon,Jewelery,2928,5535,3743
7780092,"Sauce - Apple, Unsweetened",Shoes,9490,4824,6001
6081425,"Garlic - Primerba, Paste",Music,0626,1749,4093
5676276,"Veal - Brisket, Provimi,bnls",Clothing,6059,8204,9331
5979637,Pepper - Roasted Red,Games,7015,3938,8494
0628288,Wine - Taylors Reserve,Computers,6923,4678,0878
1019919,Cheese - Parmesan Grated,Garden,3492,9098,8868
7045688,Beer - Rickards Red,Music,7971,5699,2945
8297920,Tomato - Plum With Basil,Tools,6868,6265,1733
1637175,Vinegar - Balsamic,Jewelery,9122,4497,9875
8880150,Steampan - Half Size Shallow,Clothing,1852,1152,7266
5924160,"Coke - Diet, 355 Ml",Toys,4648,9356,3879
9264261,Turkey - Oven Roast Breast,Automotive,5862,3627,4855
3084866,Blackberries,Toys,0933,2537,3927
5081662,Wine - Vovray Sec Domaine Huet,Kids,4808,7474,5623
8606474,Corn Kernels - Frozen,Industrial,2019,4734,6169
3650420,Paper Towel Touchless,Grocery,7209,7365,9757
8767252,Dried Apple,Tools,8380,0664,0200
1119040,Wine - Alicanca Vinho Verde,Clothing,7335,2413,3435
1448198,"Shrimp - 16/20, Peeled Deviened",Movies,3884,0524,3566
0809833,Sauce - Sesame Thai Dressing,Computers,3001,0854,2202
2208974,Irish Cream - Butterscotch,Books,9843,6239,3064
5809640,Chinese Lemon Pork,Music,3747,0301,9977
1835658,"Veal - Brisket, Provimi,bnls",Automotive,4935,3357,3533
0452271,Bananas,Home,8135,9949,2106
5090377,"Lamb - Whole Head Off,nz",Electronics,7017,4116,8300
7138524,"Tomatoes - Diced, Canned",Jewelery,0535,0778,7638
0970313,Amaretto,Home,5184,2844,4149
4454139,Soup - Campbells - Tomato,Music,9364,8649,8686
3089144,Pur Source,Computers,8980,4047,8207
1909901,Ice Cream Bar - Hagen Daz,Clothing,4176,5533,9111
4633986,Ice Cream Bar - Rolo Cone,Garden,1321,8162,0774
8999150,"Nut - Almond, Blanched, Ground",Jewelery,3740,6881,8095
2651306,Cocoa Butter,Books,5467,4794,7766
4730737,Extract - Lemon,Games,5370,9499,0660
6483065,Dragon Fruit,Home,8098,2818,3851
3218912,Yukon Jack,Toys,8771,7788,9666
4599975,Versatainer Nc - 9388,Music,4314,8720,0266
2877161,"Marsala - Sperone, Fine, D.o.c.",Automotive,7387,2264,5174
8623810,Pork Casing,Electronics,0150,3815,4290
4640830,Oats Large Flake,Baby,6789,3681,9179
6300880,Cumin - Whole,Jewelery,7047,7649,5016
2886856,Yeast Dry - Fermipan,Beauty,3747,9273,5888
3227169,Oranges,Jewelery,9671,1171,4650
1973320,Eggplant Oriental,Jewelery,8538,6630,9470
6139641,Coffee - Irish Cream,Sports,6203,5453,3916
3004048,Bag - Clear 7 Lb,Tools,6010,8117,7415
6814858,Table Cloth 53x53 White,Baby,6220,9293,3156
4044777,Wine - Ruffino Chianti Classico,Music,0611,2264,9346
4539992,Wine - Pinot Noir Pond Haddock,Clothing,4580,5468,6616
2920822,Bowl 12 Oz - Showcase 92012,Health,1898,8986,3283
5484904,Wine - Magnotta - Cab Franc,Games,7445,6400,2302
1333695,Pork - Caul Fat,Tools,6695,7842,5817
2424415,Anisette - Mcguiness,Jewelery,2980,5294,1332
6353615,Cassis,Industrial,3602,5017,6349
5397961,Coffee - Espresso,Music,0899,7329,5343
1235619,Vinegar - Tarragon,Jewelery,6302,9230,7568
1142614,Bar Energy Chocchip,Shoes,1577,7259,0107
7357434,Muffin - Mix - Creme Brule 15l,Movies,6706,4848,1126
1057372,"Beef - Tongue, Cooked",Jewelery,4603,8453,3247
0395729,Bread - Bistro Sour,Beauty,0408,9367,9806
1956557,Bread - Italian Roll With Herbs,Industrial,8630,7023,2768
5402184,Cheese - Asiago,Books,9032,9271,9961
1146216,Savory,Toys,8138,4217,7907
8958639,Flax Seed,Automotive,8184,8807,3591
2583935,Onions - Cooking,Movies,5124,2825,0691
3404112,Raspberries - Fresh,Health,9295,6010,0989
6732305,Oven Mitts 17 Inch,Health,8370,8348,9224
9046194,"Tabasco Sauce, 2 Oz",Books,0464,9221,9982
2523822,"Cheese - Brie,danish",Electronics,4874,3080,9626
3143477,Lighter - Bbq,Beauty,8230,8055,7271
9976055,Vinegar - Raspberry,Automotive,4116,7536,2425
5668334,Steam Pan - Half Size Deep,Grocery,1359,7100,2367
0164361,Banana - Leaves,Grocery,1056,9615,1997
8945898,Rice Wine - Aji Mirin,Outdoors,6436,1520,4638
3168772,Cheese - Roquefort Pappillon,Beauty,3682,5329,1766
3447684,Taro Leaves,Electronics,5754,3485,0712
9760201,French Pastry - Mini Chocolate,Movies,1724,6285,1281
0938306,Spring Roll Veg Mini,Sports,8041,1219,2977
8134311,Cleaner - Comet,Tools,3711,9798,2843
1061948,Sugar - Palm,Tools,1139,3184,3754
4578943,"Sauce - Black Current, Dry Mix",Shoes,4427,7330,4466
6952135,"Potatoes - Purple, Organic",Grocery,6349,3684,4586
8582821,"Sole - Dover, Whole, Fresh",Outdoors,2394,8849,4689
6703028,Longos - Chicken Caeser Salad,Computers,8408,0283,9195
0850036,"Soup - Knorr, Chicken Noodle",Garden,0378,0384,7833
6040798,Sage - Ground,Baby,9396,7895,1517
4991531,Wine - Zonnebloem Pinotage,Movies,1199,0986,7303
4333572,Beer - Muskoka Cream Ale,Music,5589,4675,9935
6395320,Tea - Herbal Sweet Dreams,Industrial,7361,2712,9806
5593956,Pasta - Orecchiette,Clothing,6572,0514,0797
9996403,"Wine - White, Colubia Cresh",Toys,4862,1384,6982
2807365,Bread - 10 Grain,Home,3399,7398,5530
6134685,Trueblue - Blueberry 12x473ml,Music,3796,6889,6343
5968316,"Mushroom - Enoki, Dry",Toys,4804,0786,1009
1168071,"Cheese - Manchego, Spanish",Baby,0948,9550,1841
3270862,Ocean Spray - Ruby Red,Shoes,9855,7572,7246
1627693,Onions - Cooking,Baby,2234,8374,6537
1707026,Pasta - Canelloni,Tools,9671,9608,4333
8997758,Bread - Kimel Stick Poly,Home,0633,3330,2898
7993483,Clementine,Grocery,6673,0843,8174
0084253,Cucumber - English,Electronics,6915,9713,3382
3411226,Sponge Cake Mix - Chocolate,Shoes,0021,2350,7156
4809614,"Rum - Light, Captain Morgan",Kids,1076,8822,7710
8810623,Brandy Apricot,Automotive,7459,2707,8863
2570050,Energy Drink Bawls,Toys,4315,0194,3125
2805381,Laundry - Bag Cloth,Health,3186,6103,6579
3385717,Huck White Towels,Industrial,4340,8950,3987
3968821,Bread - White Mini Epi,Computers,1136,8817,7050
7006538,"Star Anise, Whole",Home,4624,8120,6525
7436490,Lobster - Tail 6 Oz,Sports,2547,9121,2943
4259381,"Noodles - Cellophane, Thin",Outdoors,2267,4207,6512
6377509,"Plate - Foam, Bread And Butter",Games,1721,4497,5107
6250256,Beets - Pickled,Movies,8011,0993,3375
8218254,Bread Ww Cluster,Electronics,0138,5864,1644
8313475,Broom - Corn,Tools,1440,6223,1491
1351353,Chick Peas - Dried,Jewelery,7301,5241,5915
8403417,Chinese Foods - Plain Fried Rice,Grocery,1392,9971,8459
5899095,Maintenance Removal Charge,Sports,4099,4864,4556
3345230,"Orange - Canned, Mandarin",Games,9236,9086,5500
9761258,Bamboo Shoots - Sliced,Industrial,2612,4085,4513
6670389,"Seedlings - Mix, Organic",Computers,4608,0230,3630
3724998,Soup - Campbells Chicken,Baby,4121,2194,9757
7400576,Icecream - Dstk Super Cone,Tools,3853,6988,0864
6952125,Table Cloth 81x81 Colour,Tools,1907,4716,7955
8972048,Pie Pecan,Computers,8562,9094,4501
6441967,Ecolab Silver Fusion,Kids,4880,3904,0432
7956838,Butter - Salted,Movies,4427,5744,3660
0590648,Veal - Eye Of Round,Home,1315,1298,5816
2963324,Rappini - Andy Boy,Outdoors,7816,4458,5093
3166479,Scallops - In Shell,Books,8891,3745,2791
7319839,Tea - Decaf 1 Cup,Jewelery,4407,5057,1142
4397011,Sorrel - Fresh,Grocery,0251,6244,1392
7362546,Piping Jelly - All Colours,Beauty,5592,3554,1592
1020154,Pastry - Banana Muffin - Mini,Toys,5663,5923,1438
5445902,Fennel - Seeds,Music,6924,9572,6073
1710931,Wine - Magnotta - Cab Sauv,Industrial,6684,7822,7000
9104955,Mix - Cocktail Strawberry Daiquiri,Games,1665,7431,1332
5119082,Mix - Cocktail Ice Cream,Garden,2118,1999,0482
0060697,"Bread - Rolls, Rye",Automotive,2751,3042,0070
4018915,Bread - English Muffin,Industrial,0532,3905,3455
0943146,"Juice - Tomato, 48 Oz",Electronics,6435,8272,1171
6789184,Bread - Focaccia Quarter,Baby,6728,3036,1865
9730509,Wine - Cotes Du Rhone,Electronics,3976,9456,0509
6409266,Straw - Regular,Computers,2195,0883,1125
9268207,Sobe - Berry Energy,Baby,3979,5665,9171
3363411,Garbage Bag - Clear,Games,6053,2975,6976
0433636,Avocado,Shoes,8831,8251,7706
2007339,Wine - Montecillo Rioja Crianza,Grocery,0954,5457,7803
6934575,Maintenance Removal Charge,Sports,6537,4532,6701
7715430,Dooleys Toffee,Sports,7184,8948,7148
9720507,Beer - Sleemans Honey Brown,Toys,7430,9299,8124
3924375,Crackers - Graham,Beauty,6707,9496,1009
6065735,"Soup - Campbells, Classic Chix",Electronics,0830,4448,7450
2925050,Lamb - Rack,Baby,2394,3069,4537
9025685,Walkers Special Old Whiskey,Jewelery,2245,9970,3342
0227578,Island Oasis - Banana Daiquiri,Industrial,5607,6109,7228
9866248,Vinegar - Raspberry,Industrial,1013,6466,6702
6114265,Parsnip,Music,0032,6332,4486
1930257,Artichokes - Jerusalem,Sports,2757,9255,8325
2187745,Cheese - Parmesan Cubes,Toys,4774,5323,8184
7061044,"Tray - Foam, Square 4 - S",Garden,5301,3195,4094
5279800,Flavouring - Rum,Garden,2733,9993,1193
3837631,Shark - Loin,Movies,5986,2488,2394
0074253,Monkfish - Fresh,Automotive,0297,0437,4490
6495536,Wine - Mondavi Coastal Private,Computers,9685,0895,9201
7707024,Sobe - Lizard Fuel,Home,1736,3892,4020
0707410,Wine - White Cab Sauv.on,Movies,5677,9101,3991
7192984,Hot Choc Vending,Jewelery,3289,7663,5055
3792385,Ice Cream - Strawberry,Games,7603,6428,7593
7282661,Aromat Spice / Seasoning,Tools,7459,6361,9464
4906506,Cheese - Cheddarsliced,Tools,6816,1414,9533
8832281,Relish,Shoes,1956,5864,4422
0673661,"Halibut - Whole, Fresh",Jewelery,3360,7035,8598
0521041,Bread - Rosemary Focaccia,Movies,3446,0219,3593
5840818,Water - Evian 355 Ml,Beauty,2421,4860,4120
0058369,"Rum - Coconut, Malibu",Shoes,7182,4397,1195
2840083,"Mushrooms - Black, Dried",Kids,6610,1924,4908
9220728,"Nut - Almond, Blanched, Whole",Movies,4015,0633,8535
0302905,Bread - Triangle White,Garden,4782,1048,4494
1812492,"Nestea - Ice Tea, Diet",Movies,0066,1062,8140
6553506,Lemon Balm - Fresh,Books,7008,3291,7811
7635436,Longos - Lasagna Beef,Clothing,5005,7954,2103
9239412,Ecolab - Ster Bac,Outdoors,6364,7121,6907
9884031,Paper - Brown Paper Mini Cups,Grocery,6175,5618,6281
1111131,Cumin - Ground,Movies,0812,1951,1304
5124915,Sugar - Individual Portions,Grocery,0102,0812,1646
4918181,Gooseberry,Toys,9617,8131,2631
6174402,Herb Du Provence - Primerba,Industrial,3349,7746,8764
4865495,Wine - Spumante Bambino White,Sports,0191,7290,7880
3768074,Coffee - Irish Cream,Baby,4037,1229,2628
9551190,Triple Sec - Mcguinness,Movies,1957,9423,8053
8983814,Pastry - Cherry Danish - Mini,Health,5231,5030,3199
0199661,Eggplant - Regular,Industrial,1851,8486,6109
9310149,Pepper - Yellow Bell,Baby,2557,6463,9200
5741145,"Sparkling Wine - Rose, Freixenet",Jewelery,9157,0848,8117
1843464,"Cheese - Brie, Triple Creme",Toys,0051,9751,4169
2015861,"Wine - White, Gewurtzraminer",Home,9684,6553,0562
3489023,"Mushroom - Chanterelle, Dry",Garden,0838,9758,7300
2092160,Thyme - Fresh,Automotive,8583,5927,6867
8638300,Muffin Mix - Raisin Bran,Shoes,9113,2048,9782
6166437,Bread - Sour Batard,Games,8813,5537,1522
3005939,Apricots - Dried,Garden,0550,0956,8593
8928515,Assorted Desserts,Books,4582,5958,4998
0983739,Bread - Hot Dog Buns,Shoes,8425,3236,4575
6105372,Guava,Baby,8930,2365,2389
0391303,Tomatillo,Toys,4496,6145,3658
8100484,"Beans - Turtle, Black, Dry",Movies,8775,6078,8141
7382493,Lemon Pepper,Toys,8359,3645,7127
3184616,Pork - Kidney,Home,9433,8145,9673
9999041,Carbonated Water - Wildberry,Clothing,0697,6078,8751
9223083,Plastic Wrap,Automotive,1760,2815,8794
5515842,Chick Peas - Dried,Shoes,4851,3172,6072
8763854,Kumquat,Industrial,4363,7250,3163
8717000,Beer - Pilsner Urquell,Automotive,0108,2261,5750
9499452,"Vodka - Hot, Lnferno",Computers,3247,8715,8594
7111464,Peach - Fresh,Toys,5747,9205,9730
3235609,"Pasta - Tortellini, Fresh",Outdoors,5588,0180,7170
8479475,Lamb - Whole Head Off,Jewelery,6448,9110,6515
0560238,Cauliflower,Computers,2965,5417,8773
1534061,"Pork - Bacon,back Peameal",Music,1246,5591,5660
9050700,Wine - Alsace Riesling Reserve,Computers,5173,1355,2135
8481598,"Wine - Harrow Estates, Vidal",Music,4230,3341,5246
7837204,"Wine - White, French Cross",Kids,2640,2218,3864
2875397,Bulgar,Home,1190,4984,7824
5192244,Wine - Chardonnay South,Toys,1312,7613,8173
1687551,Sage Ground Wiberg,Computers,6868,5100,0120
4360966,Soup Campbells,Garden,4995,8031,1772
9910576,V8 - Berry Blend,Industrial,3582,8703,2891
0389858,Soup Knorr Chili With Beans,Kids,5232,6636,7092
4496628,Veal - Heart,Toys,8239,1321,3203
5330154,Rice - 7 Grain Blend,Books,2485,7976,2639
8140315,Chicken - Ground,Electronics,5141,2338,8725
9878890,"Pail - 15l White, With Handle",Jewelery,3335,7653,7119
5441211,Squeeze Bottle,Kids,7552,2337,3025
6194254,"Beef - Tongue, Cooked",Electronics,6735,5964,0080
8607335,Garbage Bag - Clear,Grocery,7906,4675,6000
3628697,Crab - Soft Shell,Electronics,5557,2177,5940
9059715,"Roe - Lump Fish, Red",Games,1553,2517,2557
8302249,Vector Energy Bar,Computers,8784,0349,5123
6493609,Bread - Raisin Walnut Oval,Health,1529,2620,7028
4040513,"Trout - Rainbow, Fresh",Electronics,5005,2876,8983
6354416,Long Island Ice Tea,Shoes,2296,3176,6279
4005101,Liners - Baking Cups,Grocery,3900,3679,3000
3954190,Vinegar - Sherry,Electronics,6017,2588,0300
1629263,"Beans - Fava, Canned",Movies,3493,2548,2045
2102230,Grapes - Red,Health,9368,7298,4858
7490579,Wine - Prem Select Charddonany,Baby,2142,2914,0003
6246793,Sprouts - China Rose,Automotive,6660,0802,0753
0267329,Pail With Metal Handle 16l White,Movies,9445,4217,2709
0426409,Eel - Smoked,Sports,4863,5805,1669
8968556,Broccoli - Fresh,Baby,9801,6585,0597
5399463,Beer - Fruli,Electronics,9702,8559,4560
2366688,"Yogurt - Blueberry, 175 Gr",Baby,7461,8640,8740
2842648,Garlic - Elephant,Shoes,1090,5258,0240
8180020,Flour - Fast / Rapid,Kids,4240,8389,0933
4825512,Brandy Cherry - Mcguinness,Music,6494,0623,7356
8095802,Corn - Mini,Jewelery,0788,0545,1423
3360461,Pepper - Yellow Bell,Tools,2172,1394,4158
0708064,Tea - Green,Games,7356,7928,5192
1729322,Ezy Change Mophandle,Sports,0643,8026,4003
0556729,Wine - Fino Tio Pepe Gonzalez,Home,0760,3192,3274
4494160,"Orange - Canned, Mandarin",Shoes,3903,3530,5535
7836577,Wine - Casablanca Valley,Sports,5667,3160,4487
4749854,Nori Sea Weed - Gold Label,Books,8282,5179,2860
3352154,Calvados - Boulard,Shoes,0820,6470,7241
4232046,Island Oasis - Lemonade,Games,6175,9756,3700
4465303,Beef - Inside Round,Outdoors,4476,0842,8803
0629359,Capon - Whole,Grocery,8936,8704,8166
6570243,Marjoram - Fresh,Computers,9140,1287,2386
5736874,Berry Brulee,Sports,7168,1624,4690
2962449,Truffle Cups - Brown,Beauty,7994,8911,1141
5093361,"Shrimp - Baby, Cold Water",Outdoors,7556,3092,9813
6193689,"Wine - Red, Wolf Blass, Yellow",Shoes,4935,8639,1408
6037562,Hummus - Spread,Movies,8167,9116,2795
4819386,Chevere Logs,Health,3870,0858,1960
7565341,Skirt - 29 Foot,Electronics,1236,8785,9198
1934172,Blouse / Shirt / Sweater,Tools,5780,0162,1600
3015972,Seedlings - Clamshell,Books,1796,4087,4595
1419834,"Split Peas - Green, Dry",Computers,0097,8695,4537
9931091,Bread - Wheat Baguette,Baby,4597,3144,2951
1422725,Tahini Paste,Home,9034,0173,9328
5114276,Teriyaki Sauce,Tools,4699,6487,8170
0325764,"Rice Pilaf, Dry,package",Baby,8111,8694,2418
0328701,"Juice - Orange, Concentrate",Movies,7813,3978,6750
6405011,Fruit Mix - Light,Automotive,1529,4017,3682
3865419,Sprouts - Corn,Beauty,4624,6741,4871
9744994,Pork - Suckling Pig,Movies,4331,9003,1578
7179379,Cookie Dough - Peanut Butter,Books,5065,9566,2252
4734065,Beets,Home,4844,5258,8477
1499970,Beets - Golden,Grocery,0470,0901,6646
8386452,Ecolab - Balanced Fusion,Movies,1876,2614,0044
8317591,Muffin - Banana Nut Individual,Electronics,7402,3554,7963
4381117,Pepper - Pablano,Toys,7426,2844,5426
7104995,Cake - Lemon Chiffon,Shoes,0703,4647,0906
6924072,Pork - Shoulder,Garden,2178,6314,6128
3883641,Nantucket Cranberry Juice,Outdoors,0104,2632,8625
3044220,Truffle Shells - White Chocolate,Grocery,3990,2898,0429
6296241,Steampan - Half Size Shallow,Movies,0749,5602,9194
7359776,Eggplant Oriental,Beauty,8009,2127,4177
0470292,Bagel - 12 Grain Preslice,Kids,1391,4698,5027
4013088,Brandy Apricot,Industrial,2917,1219,5031
2979268,Gelatine Leaves - Bulk,Outdoors,7029,6848,0157
8776047,Appetizer - Crab And Brie,Garden,5379,2104,2925
0096468,Buffalo - Short Rib Fresh,Tools,8883,7678,8824
4503587,Bag Clear 10 Lb,Grocery,7559,1824,6648
4090043,Mussels - Frozen,Toys,1181,8875,3700
0617830,Bread - English Muffin,Music,1196,9296,6661
2233516,Fireball Whisky,Kids,1542,5007,2458
6099480,Bread - Bistro Sour,Beauty,5611,1796,2724
7695493,Fish - Bones,Shoes,0200,3511,2652
8694139,Cheese - Montery Jack,Kids,5171,7976,2566
3190730,Table Cloth 53x53 White,Grocery,3898,2228,4546
8891549,Cup - Translucent 7 Oz Clear,Books,5281,9310,2646
5449018,Scallops - U - 10,Games,0503,1930,0410
3662999,Napkin Colour,Jewelery,1121,9603,1384
8292085,Island Oasis - Sweet And Sour Mix,Tools,7990,8927,2804
4075822,Vinegar - Cider,Jewelery,9638,4590,6632
9448075,Cup - Translucent 7 Oz Clear,Home,5173,3200,5381
3208335,"Cheese - Havarti, Salsa",Tools,8819,1922,4034
4024152,Wine - Valpolicella Masi,Books,2640,9828,7386
6453980,"Yogurt - Strawberry, 175 Gr",Industrial,3736,7565,0796
0422377,Daikon Radish,Outdoors,4097,0628,2195
1966324,Coffee Guatemala Dark,Toys,3294,4999,8092
3336979,"Arctic Char - Fresh, Whole",Sports,9238,3542,1182
5896566,Bacardi Raspberry,Outdoors,9067,4996,6251
2000333,Tomatoes - Hot House,Kids,5068,9372,2697
6434344,"Lamb - Racks, Frenched",Tools,1428,2769,5550
0128518,Steampan Lid,Tools,5406,8075,8774
4693942,Soup - Campbells Broccoli,Games,6247,2278,6525
5343221,"Tomatoes - Diced, Canned",Books,4105,0911,0071
3837897,Blueberries - Frozen,Kids,2824,6226,9336
0780820,Mountain Dew,Baby,3147,9525,0425
9533389,Foil Wrap,Home,4606,3399,2572
8207042,Capon - Whole,Industrial,8136,0722,0830
5285685,Chips Potato Salt Vinegar 43g,Grocery,2586,3123,4853
8103054,"Sauce - Gravy, Au Jus, Mix",Computers,4603,4558,2587
1260064,Foil - Round Foil,Books,8131,1757,8135
6730539,Island Oasis - Pina Colada,Games,8636,5496,5458
8595819,Cheese - Le Cru Du Clocher,Outdoors,1235,5335,3506
6326986,Amaretto,Outdoors,5384,0264,9961
0526659,Silicone Parch. 16.3x24.3,Books,3344,8487,3609
0948860,Cheese - Comte,Automotive,8275,3100,3901
3641307,Sugar - Crumb,Garden,2126,7650,7722
2913536,Rice - Long Grain,Grocery,6306,8116,5268
1478411,Ecolab - Medallion,Shoes,5000,4029,7876
2755322,Pork - Suckling Pig,Movies,6368,2162,0973
9427473,"Yeast - Fresh, Fleischman",Electronics,9447,3302,1385
6236184,Island Oasis - Strawberry,Grocery,8705,2980,3047
4677341,"Pasta - Fettuccine, Dry",Clothing,2008,3866,7304
8889590,Appetizer - Sausage Rolls,Shoes,1245,9122,6142
1721301,Bok Choy - Baby,Clothing,1243,1244,7174
4130534,Cognac - Courvaisier,Baby,1031,2420,3291
4006991,"Quail - Whole, Boneless",Grocery,3850,6292,0405
2300206,Cake - Box Window 10x10x2.5,Baby,8213,9100,0967
1494385,Corn Shoots,Clothing,4216,2477,3551
9300893,Melon - Watermelon Yellow,Jewelery,8331,7247,5586
8570697,"Yogurt - Strawberry, 175 Gr",Automotive,4138,9277,1371
0287096,Tarts Assorted,Grocery,5950,5293,2588
1376801,Pasta - Ravioli,Computers,0290,8572,5265
3505610,Table Cloth 53x53 White,Garden,4772,4651,8413
9307847,Soup - Tomato Mush. Florentine,Games,5597,8559,7299
2769738,"Pork - Bacon, Sliced",Garden,1686,7332,7324
0680024,Nantuket Peach Orange,Books,5473,1105,0556
5512456,Energy Drink - Franks Original,Games,0776,4668,4956
4055675,Eel Fresh,Sports,3659,4153,9533
9632985,"Soup - Beef Conomme, Dry",Sports,2958,3229,0286
7935175,"Mop Head - Cotton, 24 Oz",Clothing,2907,2212,0866
1828849,Tomato - Plum With Basil,Shoes,0320,4189,1548
0063097,Tomatoes Tear Drop,Clothing,9848,8340,4361
1715935,Bread - Petit Baguette,Tools,9504,1466,8316
3194513,Cilantro / Coriander - Fresh,Electronics,5500,3114,3640
9227408,Ecolab - Hobart Upr Prewash Arm,Sports,0693,9563,3640
2840428,Food Colouring - Pink,Movies,9558,5043,8689
5576010,Clam - Cherrystone,Industrial,1892,3546,4487
3061708,Spice - Montreal Steak Spice,Computers,9864,1523,7798
7779998,Hog / Sausage Casing - Pork,Industrial,9387,6686,7931
0055462,Lamb - Rack,Books,5269,8358,8288
2244352,"Marjoram - Dried, Rubbed",Electronics,7531,0913,1744
7284537,Cake - Cake Sheet Macaroon,Garden,8827,8399,3991
3906736,Chickensplit Half,Industrial,9617,0922,2220
6593969,Triple Sec - Mcguinness,Music,3339,5802,0103
1909434,"Bread - Roll, Soft White Round",Shoes,2894,1777,6173
3493100,Irish Cream - Butterscotch,Beauty,9228,3559,1698
5362582,Turnip - Wax,Music,2525,0394,1126
5962956,"Beef - Roasted, Cooked",Electronics,7058,3167,9048
2922022,Longos - Penne With Pesto,Health,4436,0746,4885
2498864,Curry Paste - Green Masala,Automotive,8362,7014,4213
6220259,Bar - Granola Trail Mix Fruit Nut,Health,5934,9277,7216
8374861,Longos - Greek Salad,Industrial,3539,2343,3969
2532879,Coriander - Seed,Garden,4106,8742,0799
5594363,Wine - Montecillo Rioja Crianza,Toys,1497,2101,0433
9878742,Gelatine Powder,Electronics,8640,1817,9717
6554724,Rice - Brown,Kids,4162,0839,0182
9819622,Ham - Procutinni,Music,7927,7326,0156
5354519,Swiss Chard - Red,Health,1265,0054,9324
7996981,Macaroons - Two Bite Choc,Electronics,5184,6070,6176
7261857,Green Tea Refresher,Home,8362,3644,6846
1985595,Wine - Cotes Du Rhone Parallele,Music,1421,7268,7736
8727861,Creme De Banane - Marie,Outdoors,1918,3534,6686
6220842,Pasta - Fusili Tri - Coloured,Home,2585,7272,2635
2292909,Tomatoes,Outdoors,3730,9647,3545
1429202,Seabream Whole Farmed,Home,4276,9026,5420
9444049,Cheese - Colby,Baby,3739,9692,1809
7613492,"Pepper - Black, Crushed",Automotive,7100,0118,1235
8485516,Blueberries,Toys,2750,3923,6410
5530038,"Beef - Rib Roast, Cap On",Beauty,7972,5605,7066
5655242,Heavy Duty Dust Pan,Outdoors,3615,7401,8812
0342850,Longos - Grilled Salmon With Bbq,Grocery,6865,1809,5109
2986136,Bread Country Roll,Beauty,9517,7123,4421
1902265,Icecream - Dstk Cml And Fdg,Outdoors,5460,3075,1181
2112243,Pastry - French Mini Assorted,Health,7265,7519,1869
8546861,Veal - Slab Bacon,Books,5046,9374,2727
0475609,Appetizer - Southwestern,Games,5202,8090,0378
3967569,Table Cloth 120 Round White,Movies,0437,8377,3663
5884108,"Shrimp - 16/20, Peeled Deviened",Beauty,0030,4247,0340
7438490,"Iced Tea - Lemon, 460 Ml",Garden,6466,6055,6014
2567668,Pastry - Lemon Danish - Mini,Health,0312,7556,6052
7346586,Beef - Kobe Striploin,Clothing,1236,1766,4511
2268432,"Cheese - Cheddar, Mild",Grocery,6504,6473,8236
9851014,Wine - Remy Pannier Rose,Home,8838,5890,5133
7254258,Tea - Herbal I Love Lemon,Toys,5579,2026,9312
4445525,Island Oasis - Lemonade,Computers,9942,3970,3178
4767712,Chocolate Bar - Smarties,Automotive,3577,9126,5762
1756853,Cotton Wet Mop 16 Oz,Beauty,1096,3275,4896
7970340,Bagel - Everything Presliced,Tools,6215,7710,9167
3698569,Clams - Canned,Books,7190,4226,1633
9674395,"Salmon - Atlantic, No Skin",Music,5401,9174,8852
3696550,"Lamb - Racks, Frenched",Sports,6209,8911,1797
3596693,Mangoes,Beauty,4277,2660,1470
1102281,Muffins - Assorted,Clothing,9193,4248,8120
2468088,Sprouts - Baby Pea Tendrils,Toys,0175,9349,9644
2539600,"Liqueur Banana, Ramazzotti",Computers,8326,0984,1907
8061058,Tomatoes - Grape,Books,9915,1413,2265
1859890,Chocolate Bar - Oh Henry,Tools,1255,9790,0006
9038066,Fond - Chocolate,Toys,0966,4620,8101
1037299,Irish Cream - Baileys,Clothing,6080,4371,1389
8879518,Veal - Slab Bacon,Home,1998,6156,9137
5866678,Pasta - Cheese / Spinach Bauletti,Industrial,8836,4150,9054
3756014,Skirt - 29 Foot,Industrial,6303,3717,0032
7532906,"Mushrooms - Black, Dried",Jewelery,4937,1152,3688
0046727,Vinegar - White Wine,Baby,1508,9867,4222
8583035,Bar Mix - Lime,Automotive,0070,0980,2381
6374376,Snapple - Mango Maddness,Jewelery,0448,5474,3936
3908774,Sponge Cake Mix - Chocolate,Outdoors,5047,0745,8227
5087009,"Pepper - Paprika, Spanish",Home,8724,3137,7703
4277376,Oil - Olive,Music,7044,7403,1497
5964149,Sauce - Plum,Clothing,8976,0969,2243
6190649,Bacardi Breezer - Strawberry,Grocery,0108,4998,6277
0060394,"Beef - Bones, Marrow",Beauty,5556,2709,2471
0211143,Tomatoes - Yellow Hot House,Electronics,4600,6139,9042
8768883,Wine - Cousino Macul Antiguas,Music,1793,5263,3766
1568090,"Liqueur Banana, Ramazzotti",Sports,0809,8846,0663
4388481,Wine - Riesling Dr. Pauly,Outdoors,8919,4233,7358
4538122,Kale - Red,Garden,2010,1858,7965
6325159,Galliano,Electronics,1542,4494,8441
4086881,Coriander - Seed,Health,4558,0983,5242
3080666,Wine - Rubyport,Outdoors,4420,6284,5776
0539625,Zucchini - Green,Movies,6494,3635,4640
3837391,Shrimp - Black Tiger 13/15,Kids,7275,9063,0887
7800444,Pear - Halves,Books,9788,0177,5605
2705122,"Appetizer - Mini Egg Roll, Shrimp",Games,8494,3874,6453
1644469,Sauce Bbq Smokey,Movies,5742,5985,3725
7017143,Salmon Atl.whole 8 - 10 Lb,Clothing,5204,7687,8900
8278130,Beets,Music,0671,7925,4557
4316054,Veal - Heart,Electronics,2944,4150,2234
8107996,"Chilli Paste, Hot Sambal Oelek",Clothing,1557,1133,9845
4027666,Mushroom - Crimini,Garden,6445,0778,9473
2748117,Beer - Camerons Cream Ale,Industrial,3032,9291,9633
6159508,Oil - Coconut,Home,8863,9221,8350
4786860,"Pineapple - Canned, Rings",Jewelery,2219,3923,3550
1033653,"Soup - Knorr, Ministrone",Outdoors,6802,4087,5521
6583856,Apricots Fresh,Industrial,4778,8879,9376
1308984,Wine - Shiraz South Eastern,Music,4101,1026,2520
5308874,Wine - Niagara Peninsula Vqa,Movies,7829,3009,1951
0014930,Wine - Chardonnay Mondavi,Industrial,9866,7654,0885
8542365,Soup - Base Broth Beef,Garden,9575,7018,9506
4670544,Ecolab Digiclean Mild Fm,Kids,4598,6176,5974
3954194,"Noodles - Cellophane, Thin",Automotive,8678,4320,3288
2491957,Rice Paper,Automotive,2235,4965,3108
0793217,Icecream - Dstk Strw Chseck,Home,5800,9204,2182
7526508,Wine - Trimbach Pinot Blanc,Jewelery,1700,0730,0705
5784170,Apples - Spartan,Jewelery,7989,9883,0811
9646788,Pastry - Carrot Muffin - Mini,Industrial,0847,7413,1805
9802584,Molasses - Fancy,Health,2825,0476,7371
7073354,Lemon Grass,Automotive,7860,4446,7272
4557071,Spinach - Frozen,Industrial,8691,7446,2987
5141215,Sprouts - Baby Pea Tendrils,Games,6369,8079,1237
9267351,Rhubarb,Health,2924,3939,0674
1652693,"Potatoes - Instant, Mashed",Toys,2493,1881,1873
3771025,Appetiser - Bought,Music,3310,6326,6395
9960123,"Melon - Watermelon, Seedless",Baby,9652,5408,0299
3390638,Flower - Leather Leaf Fern,Home,2702,8585,0236
3218448,Country Roll,Outdoors,1649,5698,0074
3224456,Wine - Magnotta - Belpaese,Health,0160,8416,2744
8261954,Wine - Montecillo Rioja Crianza,Tools,5192,8398,1978
9846238,Flounder - Fresh,Books,0861,9589,9214
4806617,Puree - Strawberry,Grocery,9905,4290,0062
9859120,Capon - Whole,Tools,5386,9630,1251
3224019,"Lamb - Leg, Diced",Baby,6448,7150,4443
6981306,Wine - Puligny Montrachet A.,Tools,1223,8246,2612
6906329,Chips Potato Swt Chilli Sour,Outdoors,4909,7715,0314
4861620,Beef - Prime Rib Aaa,Computers,6229,9671,3656
8314148,Food Colouring - Red,Computers,2850,1855,8171
2821473,Salmon - Fillets,Grocery,2365,3294,9848
7805060,Wine - Stoneliegh Sauvignon,Baby,6341,8656,7071
9655347,Coconut - Whole,Beauty,4776,8270,5997
2080039,Soup - Campbells Beef Noodle,Movies,2777,5265,5074
1401664,"Pasta - Lasagna, Dry",Tools,1994,0901,3222
9539665,Langers - Ruby Red Grapfruit,Beauty,1701,0185,6266
7012043,"Veal - Inside Round / Top, Lean",Games,1264,2410,9356
4645701,Island Oasis - Lemonade,Garden,6820,5696,7104
1305051,Wine - Penfolds Koonuga Hill,Shoes,2586,1830,3782
8120510,Wine - Delicato Merlot,Health,2032,6942,8556
4232535,Soup - Campbells Beef Strogonoff,Music,3653,9930,2688
3615031,Cheese - Brick With Pepper,Tools,7516,3579,4667
3038361,Huck Towels White,Electronics,6616,7436,8647
0888665,"Lettuce - Mini Greens, Whole",Home,8062,3528,9349
8400659,"Liqueur Banana, Ramazzotti",Games,5196,8805,8369
8442959,Appetizer - Sausage Rolls,Computers,1703,7528,9458
6066122,"Butter - Salted, Micro",Jewelery,6475,4232,1190
8304736,Garbag Bags - Black,Industrial,1932,0006,1327
3483281,Cloves - Ground,Books,4795,6219,7667
4913827,Chips Potato Swt Chilli Sour,Home,1124,1114,8573
1896499,Lime Cordial - Roses,Games,4749,9778,1400
0390738,"Salmon - Atlantic, Skin On",Beauty,5881,0179,9369
5990038,Maintenance Removal Charge,Movies,7743,7373,0275
8555597,Ham - Cooked Bayonne Tinned,Jewelery,0506,2249,7117
7686863,"Oil - Food, Lacquer Spray",Movies,6221,9114,9361
2480793,"Lemonade - Natural, 591 Ml",Kids,0471,6473,1513
1100917,Papayas,Electronics,0257,3452,4513
8757063,Muffin Mix - Banana Nut,Garden,8335,7386,1151
2878868,Thyme - Dried,Outdoors,8432,5026,9454
5726784,Crab - Meat,Shoes,8541,5273,8255
6918625,Extract - Lemon,Toys,1642,7121,4520
8452218,Scrubbie - Scotchbrite Hand Pad,Industrial,4974,0557,4288
3151289,Table Cloth 90x90 White,Games,5417,8461,5834
9961126,Carbonated Water - Orange,Music,1630,1123,2803
4067065,Bread - Assorted Rolls,Music,4392,1941,3024
5861761,Flour - Pastry,Tools,2583,5302,2536
6461036,Bagelers,Beauty,3966,7490,0534
1504396,Wine - Ej Gallo Sonoma,Computers,7566,8726,3610
9247653,"Salt - Rock, Course",Shoes,4621,0733,3758
6911835,Wine - Prosecco Valdobienne,Shoes,5586,7837,7621
5285000,"Nestea - Ice Tea, Diet",Jewelery,2588,5891,6913
2949196,Yoghurt Tubes,Shoes,3609,7348,4943
2413716,Wine - Placido Pinot Grigo,Shoes,4967,5043,2218
9025617,Wine - Pinot Noir Latour,Computers,4981,4534,4876
4157129,Anchovy In Oil,Sports,0127,1270,0999
8551792,Truffle Cups Green,Tools,1097,8677,8990
1458769,"Juice - Grapefruit, 341 Ml",Jewelery,0119,6499,3669
9943857,Eggplant Italian,Electronics,6985,6439,0205
3648927,The Pop Shoppe - Black Cherry,Music,8262,0414,7322
8826722,Turnip - White,Garden,9412,1082,3010
9070826,Ecolab - Ster Bac,Computers,7331,0105,0755
3521414,Cheese - Parmigiano Reggiano,Industrial,3924,0615,0679
1259335,"Bread - Pullman, Sliced",Industrial,9298,5022,8605
5170620,Spice - Pepper Portions,Books,4686,0333,2853
6776603,Pork - Kidney,Games,2568,3271,8654
2403079,Oil - Macadamia,Beauty,7693,3816,8447
9449871,Soup - Campbells Mushroom,Movies,9251,2986,5686
1305447,Juice - Lemon,Industrial,9656,7858,1917
4025648,Chocolate - Compound Coating,Jewelery,3303,1420,6860
0073455,Pop - Club Soda Can,Beauty,8157,6185,0210
3127544,"Wine - Red, Black Opal Shiraz",Movies,6637,9427,8239
8528735,"Wine - White, Ej",Clothing,9657,0414,5912
8729649,Tart - Raisin And Pecan,Automotive,0976,6777,2097
3876179,Laundry - Bag Cloth,Home,7033,6762,0845
2216232,Nantucket - 518ml,Automotive,9686,2493,6890
0645988,Soup - Base Broth Chix,Shoes,5022,5366,7469
3445258,Wine - Crozes Hermitage E.,Toys,0304,5972,6803
6646277,Nantucket - Carrot Orange,Tools,9673,2335,7426
2366750,Sugar - Fine,Toys,9575,2026,3245
8518713,Pears - Bartlett,Shoes,8652,0570,8859
4801099,Lidsoupcont Rp12dn,Sports,0059,5543,5191
0338316,"Soup - Knorr, French Onion",Garden,2963,0830,0198
3887469,Beer - True North Strong Ale,Beauty,7860,1823,3810
5226335,"Lettuce - Romaine, Heart",Home,6801,1943,5075
1641801,Ketchup - Tomato,Books,6234,0778,0501
8772437,Mix - Cocktail Strawberry Daiquiri,Electronics,1628,1188,5783
2167654,Pickles - Gherkins,Books,5988,3943,1035
4506041,"Doilies - 5, Paper",Shoes,8984,3541,5101
4320855,Lamb - Whole Head Off,Jewelery,8469,5534,8419
1405860,Bread - Raisin Walnut Pull,Computers,7940,7917,0758
3615026,Sobe - Liz Blizz,Computers,3138,2494,6751
3720826,Cranberries - Frozen,Movies,3896,3427,1995
7099089,Lamb - Loin Chops,Industrial,4953,7549,7691
0489524,"Vinegar - Balsamic, White",Tools,0305,7027,5645
0973701,Cheese - Perron Cheddar,Outdoors,6265,1321,6373
7437496,"Marsala - Sperone, Fine, D.o.c.",Sports,5219,0426,0819
7143740,Dried Cranberries,Clothing,7208,7248,7519
6321504,"Soup - Knorr, Ministrone",Garden,3518,3915,5974
9854051,Island Oasis - Lemonade,Tools,3420,8422,6473
1212366,Oil - Coconut,Jewelery,7980,2525,1144
2579673,"Mushroom - Enoki, Dry",Books,4747,4230,7289
7189461,Lobster - Cooked,Beauty,5410,5846,6815
8934350,Eggplant - Baby,Electronics,0426,0288,3608
3486992,Apple - Macintosh,Music,8222,7352,3186
2219450,"Beef - Tenderlion, Center Cut",Books,4580,8300,3076
7747777,Glass Clear 7 Oz Xl,Jewelery,1019,2940,9248
1394763,Ostrich - Fan Fillet,Electronics,6039,0636,2267
7255181,Milk - Skim,Sports,3340,9919,9559
4614111,Fennel - Seeds,Tools,1668,2049,5290
3763358,Wine - Kwv Chenin Blanc South,Baby,6172,5563,1315
4479925,Ecolab - Medallion,Sports,2349,0322,1853
0676047,Chocolate - Unsweetened,Jewelery,2063,7490,6772
4242704,Tuna - Sushi Grade,Computers,8249,0652,5295
0597115,"Napkin - Dinner, White",Outdoors,5346,6683,1711
6954933,Salmon - Canned,Electronics,2664,7386,4760
1234085,Muffin Mix - Lemon Cranberry,Home,2012,8856,7582
9111521,Pie Filling - Pumpkin,Music,9824,5614,7304
2431488,Chinese Foods - Plain Fried Rice,Toys,4301,7083,5787
5036679,Ocean Spray - Kiwi Strawberry,Garden,6520,9416,2731
8545732,Mushroom - Porcini Frozen,Kids,5443,1216,9595
3024256,Longos - Cheese Tortellini,Music,4245,8765,0519
2024325,"Vermouth - White, Cinzano",Kids,1445,0833,7375
3516751,Bagelers - Cinn / Brown Sugar,Music,4899,4531,5683
9339623,Beef - Kobe Striploin,Tools,7709,7054,2132
6781926,"Juice - Apple, 1.36l",Outdoors,8122,1346,0294
5133404,Muffin Mix - Blueberry,Games,3879,8652,3124
3985922,Cookie Trail Mix,Home,2259,9084,5857
7565196,Puree - Kiwi,Kids,5903,1955,4118
8980820,"Carrots - Purple, Organic",Music,1286,0434,1172
3984985,Appetizer - Crab And Brie,Outdoors,9275,3179,1347
1470222,Oxtail - Cut,Grocery,8949,9842,1882
5424343,Tomatoes - Heirloom,Industrial,3981,4954,9533
6481925,Longos - Grilled Veg Sandwiches,Health,8291,4963,9716
0940527,"Turkey - Breast, Bone - In",Toys,2668,1583,1114
4619655,"Wine - White, Pelee Island",Tools,3642,8750,9810
3590800,Squash - Sunburst,Automotive,4535,5217,3411
2487977,Cookies Almond Hazelnut,Outdoors,5458,2675,0416
9755612,Tomatoes - Yellow Hot House,Tools,9047,6151,7950
5951077,Mint - Fresh,Tools,9558,0473,0393
4398750,Assorted Desserts,Home,3515,5985,6254
2112492,Maintenance Removal Charge,Kids,5892,9299,7495
2488893,"Pasta - Penne, Rigate, Dry",Shoes,7183,7623,6227
9429495,Oven Mitts - 15 Inch,Computers,8033,3872,7648
2107134,Wine - Casillero Del Diablo,Automotive,4222,0044,2239
0761193,Salmon Steak - Cohoe 8 Oz,Computers,8322,2628,3064
8722794,Banana Turning,Shoes,9157,7367,6682
1759480,Nestea - Iced Tea,Books,8028,1297,3349
7050635,Pastrami,Beauty,7938,5406,4584
9867514,Beef - Top Sirloin,Kids,8531,5016,6872
2433819,Syrup - Monin - Blue Curacao,Toys,6021,6319,0276
4459813,Isomalt,Toys,3310,4119,9633
6659201,Langers - Mango Nectar,Games,3325,1000,0997
8339049,Beer - Camerons Cream Ale,Kids,3370,0454,2168
0357717,Wine - Kwv Chenin Blanc South,Health,1769,5526,2154
3666628,Mustard - Dijon,Health,6129,2092,8470
3784260,Nantucket Apple Juice,Jewelery,4148,8310,8947
1989381,"Wine - Red, Gallo, Merlot",Shoes,8297,9072,7182
3054880,Cheese - Goat With Herbs,Health,8309,1579,5664
5532722,"Pork - Bacon, Double Smoked",Games,5348,7355,1496
3448668,Table Cloth 90x90 Colour,Books,7617,6128,5199
3539265,"Mushroom - Oyster, Fresh",Baby,0861,0005,8717
8009193,Pur Value,Jewelery,0927,3648,4322
1216335,"Pork - Bacon, Double Smoked",Shoes,2068,1833,5203
6929116,Eggroll,Clothing,3579,9861,8456
2738888,Puree - Kiwi,Computers,7333,2337,5390
3493885,Wine - Zinfandel California 2002,Shoes,2540,8953,2482
9954426,"Veal - Inside, Choice",Sports,9562,6561,6037
5605323,Lamb Rack - Ontario,Books,8914,0211,1353
2913514,Milk - Chocolate 500ml,Garden,0465,1329,8377
4638640,Beef Ground Medium,Computers,3152,9826,4887
7987452,"Beef - Ox Tongue, Pickled",Kids,1512,4752,8767
3986273,Lychee,Health,1886,3137,3684
9505532,Irish Cream - Baileys,Sports,6327,1440,8225
6880967,Chicken - Bones,Tools,7421,0554,9342
4498665,Cup - 8oz Coffee Perforated,Automotive,4028,0326,8020
5058339,"Wine - Red, Concha Y Toro",Games,3834,8462,5499
7143181,Broom Handle,Music,3575,6020,3523
6306477,Pastry - Apple Large,Sports,2247,4359,7503
9431093,Barramundi,Garden,1503,1653,4677
4279618,Pasta - Canelloni,Music,0048,0386,8955
1179035,Shrimp - Black Tiger 6 - 8,Outdoors,8166,3820,6429
2428834,Bread - Corn Muffaleta Onion,Shoes,4672,4678,0950
3830607,"Basil - Primerba, Paste",Industrial,0352,8508,2291
1570326,Capers - Ox Eye Daisy,Movies,1773,8575,3612
4825598,Crawfish,Shoes,9756,1790,7908
0276056,Sugar - White Packet,Beauty,1918,1441,8966
2298070,Soy Protein,Jewelery,1212,8876,8535
6544036,Bread Base - Gold Formel,Home,1514,1402,8350
4036648,Eggplant Oriental,Outdoors,9217,7207,2912
8561729,"Pork - Back, Long Cut, Boneless",Tools,6460,8267,2836
2046557,Cocoa Powder - Dutched,Grocery,7817,1466,9508
6418146,Oil - Olive,Beauty,2481,9486,9761
0616558,Broom And Broom Rack White,Beauty,1361,7968,5452
0390167,Butter Ripple - Phillips,Shoes,7405,9764,5375
1967909,"Nut - Almond, Blanched, Whole",Music,2596,9580,6979
8856698,Containter - 3oz Microwave Rect.,Sports,5760,6355,6357
7453893,Passion Fruit,Shoes,0589,1425,3062
7724892,Bandage - Flexible Neon,Health,0792,9634,0464
8061337,Pasta - Fusili Tri - Coloured,Games,1883,0802,5717
3542619,Juice - Happy Planet,Baby,2061,8443,9275
9292966,French Pastries,Automotive,5080,9272,6640
4873387,Pork Salted Bellies,Home,0870,7104,8082
6393376,Frangelico,Shoes,7916,0519,2126
4318837,"Clams - Littleneck, Whole",Home,4463,5230,9060
7140452,Wine - Rhine Riesling Wolf Blass,Outdoors,3823,0340,6364
2304353,"Bread - White, Unsliced",Industrial,7171,6265,0606
3212980,Cream - 18%,Garden,5103,9366,3517
1485403,Appetizer - Mushroom Tart,Grocery,8350,5808,5565
7307801,Catfish - Fillets,Toys,0314,5316,2633
2660230,Bagels Poppyseed,Computers,9626,3302,4187
5793120,"Shrimp - 16/20, Peeled Deviened",Games,5002,8199,0742
7106065,Pork - Side Ribs,Home,6530,5071,7424
3610470,Wine - Vineland Estate Semi - Dry,Movies,0730,3634,4464
9389087,Table Cloth 54x54 White,Health,6950,7958,0887
7879203,Wine - Muscadet Sur Lie,Tools,0578,8390,8706
4329429,Spring Roll Wrappers,Home,7637,4667,5100
4410731,"Bread - Roll, Soft White Round",Movies,0773,8721,7036
1696127,"Veal - Inside, Choice",Automotive,6617,2654,0438
0509279,Cheese - Fontina,Books,8838,7840,9094
1863713,Bread - Pita,Outdoors,3511,3267,1489
9192158,Anchovy Fillets,Baby,9894,5600,0439
3055200,Ginsing - Fresh,Kids,3977,0310,6271
2955512,Onions - Pearl,Movies,2741,2100,8215
5332922,"Bread - Sticks, Thin, Plain",Sports,5431,7769,8349
2245302,V8 - Tropical Blend,Home,8683,4032,5561
1756210,Blueberries,Kids,1995,0571,4351
3496544,Muffin Hinge - 211n,Grocery,5351,1122,8809
1503124,Wine - Lou Black Shiraz,Clothing,5227,8039,6101
7289189,Wine - Kwv Chenin Blanc South,Kids,1963,2474,0788
8379807,Beef - Texas Style Burger,Tools,2383,3273,8958
4631256,Skirt - 29 Foot,Music,8000,5679,2124
8149892,Cheese - Taleggio D.o.p.,Movies,0480,0075,7059
9033447,Beans - Fine,Baby,2177,4097,8157
0064764,Quail - Jumbo Boneless,Industrial,0331,4729,6197
8651471,Rabbit - Legs,Shoes,8612,4958,5882
9048192,Cumin - Ground,Movies,3884,0596,8679
6422489,Bread - Pain Au Liat X12,Beauty,1330,3792,4006
6138973,"Pork - Butt, Boneless",Sports,7518,2895,2838
3942921,Ecolab Crystal Fusion,Toys,3906,3580,1998
0900781,"Pork - Bacon, Sliced",Clothing,4482,7886,9354
2500221,Flour Pastry Super Fine,Movies,2938,6815,6487
6716797,The Pop Shoppe Pinapple,Jewelery,5786,3168,2102
0571935,Scallops - U - 10,Shoes,2413,4336,4497
6582555,Soup - Campbells Asian Noodle,Home,1566,4023,4550
2564561,Quail Eggs - Canned,Garden,9384,7452,1848
7188697,Cheese - Brick With Pepper,Books,1998,5728,6687
2061433,Shiratamako - Rice Flour,Health,4423,8068,6092
4301354,Wine - Casablanca Valley,Garden,6471,8327,5719
8869893,Chocolate Bar - Smarties,Beauty,1389,9811,5172
4031855,Rice - Wild,Automotive,5385,4008,5433
4257468,Cheese - Shred Cheddar / Mozza,Industrial,2563,0712,0327
3454452,Vinegar - Tarragon,Baby,8981,1136,7560
0629216,Cookies Oatmeal Raisin,Beauty,0335,0261,0593
1338979,"Cheese - Mozzarella, Buffalo",Computers,5886,4076,5457
9989515,Artichoke - Fresh,Beauty,8301,7930,2590
0232780,Wine - Guy Sage Touraine,Health,3877,0811,3540
4623906,Wine - Charddonnay Errazuriz,Home,5700,0288,4545
0789301,Bread - Bistro White,Music,8025,3987,4610
1439238,Ice Cream - Chocolate,Industrial,7798,6497,0376
4364350,Wine - Two Oceans Cabernet,Computers,2876,7227,8829
5117850,Appetizer - Crab And Brie,Baby,0609,0887,0685
2344059,Barramundi,Health,5465,0564,0912
3856470,Ginger - Fresh,Home,6100,7730,1388
4092222,Squash - Guords,Books,1190,6494,6764
8273269,Pork - Backfat,Clothing,5153,3792,1447
7618350,"Garlic - Primerba, Paste",Clothing,3058,3319,0924
1595312,Rabbit - Frozen,Baby,8185,3901,9262
7083704,Soupfoamcont12oz 112con,Games,9852,2813,4387
8527586,"Veal - Inside, Choice",Beauty,3243,1704,1277
1209204,V8 Pet,Music,3039,4597,8797
9463294,"Fish - Scallops, Cold Smoked",Beauty,0580,2776,4795
0683544,Salmon Atl.whole 8 - 10 Lb,Health,2180,1707,6582
8801526,Numi - Assorted Teas,Industrial,8896,2300,2637
4925265,Oil - Peanut,Games,5834,2587,8747
2256758,Veal - Inside,Clothing,7364,7397,6651
7213772,Chef Hat 25cm,Automotive,2954,1367,9349
4900379,Bread - Pain Au Liat X12,Automotive,2728,9346,1005
0517572,Carbonated Water - Blackberry,Baby,5752,2390,4154
7166363,"Hickory Smoke, Liquid",Shoes,6444,7161,1471
2449420,Fish - Bones,Beauty,2925,0549,7954
5238605,Sauce - Marinara,Industrial,6590,6841,0887
6815201,Potatoes - Idaho 80 Count,Beauty,0300,5220,8786
1539361,"Pail - 15l White, With Handle",Garden,9710,8058,8571
9303835,Jameson - Irish Whiskey,Computers,4172,6487,8483
6833742,"Pasta - Fettuccine, Egg, Fresh",Grocery,4521,5530,6689
1923328,"Garlic - Primerba, Paste",Garden,2775,9096,7862
7020934,"Lentils - Red, Dry",Automotive,6603,5480,2187
0916024,Chef Hat 25cm,Grocery,8587,2681,7779
2127579,"Coke - Diet, 355 Ml",Clothing,4292,1104,1220
8839516,Wine - Alsace Riesling Reserve,Toys,0856,9734,5122
6822483,Piping - Bags Quizna,Jewelery,5850,8656,9703
0310371,Beer - Paulaner Hefeweisse,Tools,7944,6883,5671
0476944,Pasta - Ravioli,Sports,3165,8653,7554
3576847,Cornish Hen,Games,5174,4999,0925
2543427,Lettuce - Boston Bib,Home,2174,8595,9249
5426440,Aspic - Clear,Electronics,2130,9772,6696
6539767,"Lentils - Red, Dry",Jewelery,0796,7162,8188
1876127,Cookies - Assorted,Movies,4283,0197,8608
3719523,Soup - Cream Of Broccoli,Garden,1914,5657,3019
4405420,Wine - Rhine Riesling Wolf Blass,Clothing,0428,2292,9632
1249891,Wine - Chateau Aqueria Tavel,Baby,3324,7125,9465
5715905,Soup - Campbells Chicken,Kids,6715,5551,2869
6337169,Beans - Butter Lrg Lima,Sports,7221,2319,3407
2019406,Black Currants,Beauty,8734,8734,4293
3745150,"Juice - Pineapple, 341 Ml",Computers,6930,9748,1980
6500347,"Beef - Ox Tongue, Pickled",Garden,8335,9053,5835
9713586,Noodles - Steamed Chow Mein,Jewelery,8841,2952,8451
6796993,Wine - Guy Sage Touraine,Clothing,3911,1421,6806
8012150,Food Colouring - Blue,Toys,2905,1527,8717
1545402,Bread - Burger,Garden,5455,0732,0913
1530263,Salmon Atl.whole 8 - 10 Lb,Health,2653,5416,1617
5144252,"Nut - Pecan, Halves",Automotive,3258,0493,0590
4438116,Spring Roll Veg Mini,Outdoors,9631,6579,1013
0956925,Syrup - Pancake,Clothing,6743,5277,5723
1913892,Beef - Top Butt,Tools,8632,3984,7838
2256232,Cake - French Pear Tart,Computers,3548,0715,4230
3743719,Horseradish Root,Sports,2484,2653,8099
2639221,Potatoes - Peeled,Baby,8388,3583,7263
1548465,Calypso - Pineapple Passion,Books,9915,7961,1799
4613070,Cinnamon - Stick,Music,3125,5943,3955
2176582,Duck - Breast,Automotive,9582,3895,8556
6263110,Containter - 3oz Microwave Rect.,Beauty,2488,2628,6897
4897368,Wine - Trimbach Pinot Blanc,Kids,3950,8848,8918
0866233,Wine - Penfolds Koonuga Hill,Movies,6096,8225,5033
3793179,"Carrots - Mini, Stem On",Health,2605,3483,9223
4548819,Onions - Red Pearl,Outdoors,4891,4315,0080
4723430,Soup - Campbells Pasta Fagioli,Health,9188,8773,0814
7712723,French Pastry - Mini Chocolate,Shoes,2001,5520,2970
9406146,Chicken Breast Wing On,Computers,4885,4559,4056
8862329,Grapes - Green,Sports,3814,6780,0041
6497095,Sugar - Monocystal / Rock,Computers,3066,8216,2764
1603697,Carbonated Water - Peach,Automotive,9224,6232,7397
3055160,"Chicken - Leg, Fresh",Automotive,5435,1956,0904
7195987,Oil - Macadamia,Books,0186,1924,0033
5386105,Longos - Chicken Wings,Grocery,8142,9918,2136
5066825,Pancetta,Beauty,1202,9471,4623
1521373,Flour - Masa De Harina Mexican,Music,0347,5042,6792
3112347,Bandage - Fexible 1x3,Books,3594,3792,7902
1304808,Appetizer - Shrimp Puff,Beauty,7662,5215,2067
4952809,Vinegar - Rice,Automotive,9242,0768,0539
4380905,"Gingerale - Schweppes, 355 Ml",Movies,1984,4585,1814
8252983,Seaweed Green Sheets,Outdoors,5253,1008,2029
9339295,Cabbage - Savoy,Jewelery,4287,1205,1065
6401500,Sponge Cake Mix - Chocolate,Jewelery,0667,6833,8006
4087801,Blouse / Shirt / Sweater,Grocery,5164,9546,0537
8405781,Lamb Shoulder Boneless Nz,Sports,9752,5572,7132
1150721,"Shrimp - 21/25, Peel And Deviened",Grocery,9790,2493,1567
1391505,"Bread - Pita, Mini",Garden,9475,4993,9209
3691090,Kahlua,Tools,3107,1463,5134
5149687,Pancetta,Industrial,6316,0018,3572
8852167,Honey - Lavender,Sports,1147,9974,8137
2374613,Arizona - Plum Green Tea,Music,9270,7962,3276
1291894,Jam - Raspberry,Home,3151,4491,8700
4790557,Taro Leaves,Music,8502,7733,9045
3455844,Squid - Breaded,Outdoors,3912,9757,7060
4268830,Ecolab - Hobart Washarm End Cap,Shoes,1416,8875,2344
9395509,Wine - Ruffino Chianti,Toys,3327,2386,7237
4388750,Pepper - Red Bell,Sports,8213,5292,2130
0811625,Island Oasis - Lemonade,Beauty,4900,5358,3975
0665254,Sesame Seed,Books,3260,6202,3530
5222243,"Bread - Roll, Calabrese",Tools,8767,6689,0398
1680378,"Rum - Light, Captain Morgan",Outdoors,3518,3364,4566
5841775,Pate Pans Yellow,Shoes,1876,5681,0398
4618731,Soup - Campbells Mac N Cheese,Grocery,4857,7131,5408
0918491,Tuna - Sushi Grade,Automotive,4557,7820,7237
1084972,Mushroom - Lg - Cello,Automotive,6196,9870,0476
3355550,Garlic,Toys,1030,6322,8674
2682263,Sour Puss Sour Apple,Grocery,8387,1765,9513
9955023,Appetizer - Veg Assortment,Computers,2764,6900,7119
9815755,Cheese - Asiago,Automotive,0288,8073,8240
0206566,"Wine - White, Gewurtzraminer",Shoes,0583,0840,4816
5232163,Puree - Pear,Baby,0559,6743,4644
4493008,Food Colouring - Orange,Garden,9654,2659,8490
2317361,Tia Maria,Jewelery,2146,6080,5218
1925336,"Veal - Shank, Pieces",Books,0041,8496,6413
9533551,Vinegar - Rice,Music,1363,4126,5390
3955943,Tea - Herbal Sweet Dreams,Baby,4132,1809,5757
4716497,Nantucket - Carrot Orange,Beauty,7040,7317,3218
2700493,Wine - Muscadet Sur Lie,Home,5219,8906,3732
4222242,White Baguette,Sports,6565,6632,6037
0811259,Cheese - Grie Des Champ,Electronics,1853,7323,0587
1003164,Pur Source,Automotive,3981,4983,5312
9147936,Bread - Pita,Baby,7139,7607,9381
5803315,Tarts Assorted,Books,4967,2412,0945
1621114,Dried Cherries,Industrial,1015,0194,5016
7579534,Coffee - Irish Cream,Computers,3185,6020,8992
9188065,"Fish - Atlantic Salmon, Cold",Automotive,1935,9219,0505
5814853,Beets - Pickled,Outdoors,5402,6224,9679
9099242,Flower - Carnations,Automotive,1503,1059,9101
7672412,"Coke - Classic, 355 Ml",Books,1989,9092,2382
5569664,Tea - Orange Pekoe,Games,2956,8199,3403
9456067,Rum - Mount Gay Eclipes,Computers,8153,0139,7348
1693031,Wine - Rioja Campo Viejo,Music,8873,0947,5800
4630582,Beef - Ox Tongue,Electronics,7367,0747,5981
5148058,Wine - Chardonnay South,Automotive,1068,1335,2797
7725675,Olives - Stuffed,Movies,2925,5733,0512
2694900,Wine - Stoneliegh Sauvignon,Books,1226,2572,4285
5304467,Soup - French Can Pea,Clothing,9266,1126,2626
3493765,Fish - Bones,Jewelery,3799,0022,5056
1633806,Bagel - Ched Chs Presliced,Shoes,8880,8574,1956
2400051,Carbonated Water - Lemon Lime,Games,3531,7153,9168
0769083,Bandage - Flexible Neon,Beauty,1482,5576,1800
9218252,Bread - Pumpernickel,Computers,2740,2813,2645
8903303,Soup - Campbells,Home,9241,0068,1684
8422127,Sauce - Balsamic Viniagrette,Books,6972,1417,3931
8194854,Grapefruit - Pink,Computers,0755,1706,8972
0144966,"Asparagus - White, Fresh",Outdoors,8957,0562,6455
2869527,Wine - Blue Nun Qualitatswein,Shoes,8793,8429,9533
9322886,Lychee,Sports,0563,8148,9789
5142687,Bar Nature Valley,Shoes,4128,8042,7618
3554432,Coffee Cup 16oz Foam,Sports,3400,8611,6509
7359736,"Chicken - Thigh, Bone In",Books,2994,3643,2446
5220145,Beer - Sleeman Fine Porter,Movies,8299,3969,4179
5939425,Longos - Chicken Wings,Books,2097,1965,9712
7052147,"Doilies - 5, Paper",Electronics,6235,6354,2223
8600423,Wine - Ej Gallo Sonoma,Clothing,9792,6038,1493
4351611,Wasabi Paste,Clothing,0738,9477,0517
0523070,Vaccum Bag - 14x20,Electronics,8014,5017,6666
6199136,Tea - Herbal I Love Lemon,Tools,0726,8027,5243
1028802,Sobe - Orange Carrot,Sports,7439,7926,0507
7102494,Smirnoff Green Apple Twist,Toys,3864,4249,2725
5169235,Herb Du Provence - Primerba,Books,1508,1602,1441
3967035,Wine - Montecillo Rioja Crianza,Sports,3035,2265,8053
3805857,Numi - Assorted Teas,Jewelery,7085,6956,5817
4443228,"Cheese - Boursin, Garlic / Herbs",Books,2878,1985,1555
2373369,"Bread - Pullman, Sliced",Garden,0346,3029,2903
7599357,Remy Red,Industrial,9731,6806,2884
4657232,"Stock - Beef, White",Garden,0007,3410,9439
5944055,Chicken - Whole,Health,0145,0231,1934
3615294,Dry Ice,Baby,4435,4243,9073
4698834,Spice - Greek 1 Step,Books,8823,4611,8253
6144106,Tart - Raisin And Pecan,Books,1710,5265,9185
9015334,Cocoa Powder - Natural,Electronics,1917,5680,7544
